requestId,sourceLocationId,destinationLocationId,category,urgencyLevel,timeSubmitted,deadline,status,assignedResourceId
1,1,1,electrical,4,2025-09-15T08:30:00,2025-09-15T12:30:00,pending,0
2,1,1,plumbing,3,2025-09-15T08:45:00,2025-09-15T14:45:00,pending,0
3,1,1,cleaning,2,2025-09-15T09:00:00,2025-09-16T09:00:00,pending,0
4,1,1,structural,3,2025-09-15T09:15:00,2025-09-15T17:15:00,pending,0
5,1,1,IT,2,2025-09-15T09:30:00,2025-09-16T09:30:00,pending,0
6,2,2,electrical,5,2025-09-15T07:00:00,2025-09-15T09:00:00,pending,0
7,2,2,plumbing,4,2025-09-15T07:30:00,2025-09-15T11:30:00,pending,0
8,2,2,cleaning,1,2025-09-15T08:00:00,2025-09-16T08:00:00,pending,0
9,2,2,IT,3,2025-09-15T10:00:00,2025-09-15T16:00:00,pending,0
10,2,2,structural,2,2025-09-15T10:30:00,2025-09-16T10:30:00,pending,0
11,3,3,electrical,3,2025-09-15T08:00:00,2025-09-15T14:00:00,pending,0
12,3,3,plumbing,5,2025-09-15T06:30:00,2025-09-15T08:30:00,pending,0
13,3,3,cleaning,2,2025-09-15T09:00:00,2025-09-16T09:00:00,pending,0
14,3,3,IT,1,2025-09-15T11:00:00,2025-09-17T11:00:00,pending,0
15,3,3,structural,4,2025-09-15T07:00:00,2025-09-15T11:00:00,pending,0
16,4,4,electrical,2,2025-09-15T09:00:00,2025-09-16T09:00:00,pending,0
17,4,4,plumbing,3,2025-09-15T09:30:00,2025-09-15T15:30:00,pending,0
18,4,4,cleaning,1,2025-09-15T10:00:00,2025-09-17T10:00:00,pending,0
19,4,4,IT,4,2025-09-15T08:00:00,2025-09-15T12:00:00,pending,0
20,4,4,structural,2,2025-09-15T10:30:00,2025-09-16T10:30:00,pending,0
21,5,5,electrical,3,2025-09-15T08:30:00,2025-09-15T14:30:00,pending,0
22,5,5,plumbing,4,2025-09-15T07:45:00,2025-09-15T11:45:00,pending,0
23,5,5,cleaning,2,2025-09-15T09:00:00,2025-09-16T09:00:00,pending,0
24,5,5,IT,1,2025-09-15T11:00:00,2025-09-17T11:00:00,pending,0
25,5,5,structural,5,2025-09-15T06:00:00,2025-09-15T08:00:00,pending,0
26,6,6,electrical,2,2025-09-15T09:15:00,2025-09-16T09:15:00,pending,0
27,6,6,plumbing,3,2025-09-15T09:45:00,2025-09-15T15:45:00,pending,0
28,6,6,cleaning,1,2025-09-15T10:00:00,2025-09-17T10:00:00,pending,0
29,6,6,IT,2,2025-09-15T10:30:00,2025-09-16T10:30:00,pending,0
30,6,6,structural,3,2025-09-15T08:00:00,2025-09-15T14:00:00,pending,0
31,7,7,electrical,4,2025-09-15T08:00:00,2025-09-15T12:00:00,pending,0
32,7,7,plumbing,3,2025-09-15T08:30:00,2025-09-15T14:30:00,pending,0
33,7,7,cleaning,2,2025-09-15T09:00:00,2025-09-16T09:00:00,pending,0
34,7,7,IT,1,2025-09-15T11:00:00,2025-09-17T11:00:00,pending,0
35,7,7,structural,3,2025-09-15T09:30:00,2025-09-15T15:30:00,pending,0
36,8,8,electrical,2,2025-09-15T09:00:00,2025-09-16T09:00:00,pending,0
37,8,8,plumbing,5,2025-09-15T06:45:00,2025-09-15T08:45:00,pending,0
38,8,8,cleaning,1,2025-09-15T10:00:00,2025-09-17T10:00:00,pending,0
39,8,8,IT,3,2025-09-15T09:30:00,2025-09-15T15:30:00,pending,0
40,8,8,structural,2,2025-09-15T10:00:00,2025-09-16T10:00:00,pending,0
41,9,9,electrical,3,2025-09-15T08:15:00,2025-09-15T14:15:00,pending,0
42,9,9,plumbing,4,2025-09-15T07:30:00,2025-09-15T11:30:00,pending,0
43,9,9,cleaning,2,2025-09-15T09:00:00,2025-09-16T09:00:00,pending,0
44,9,9,IT,1,2025-09-15T11:30:00,2025-09-17T11:30:00,pending,0
45,9,9,structural,3,2025-09-15T09:00:00,2025-09-15T15:00:00,pending,0
46,10,10,electrical,5,2025-09-15T06:00:00,2025-09-15T08:00:00,pending,0
47,10,10,plumbing,3,2025-09-15T08:30:00,2025-09-15T14:30:00,pending,0
48,10,10,cleaning,2,2025-09-15T09:00:00,2025-09-16T09:00:00,pending,0
49,10,10,IT,4,2025-09-15T08:00:00,2025-09-15T12:00:00,pending,0
50,10,10,structural,2,2025-09-15T10:00:00,2025-09-16T10:00:00,pending,0
51,11,11,electrical,3,2025-09-15T08:30:00,2025-09-15T14:30:00,pending,0
52,11,11,plumbing,2,2025-09-15T09:00:00,2025-09-16T09:00:00,pending,0
53,11,11,cleaning,1,2025-09-15T10:00:00,2025-09-17T10:00:00,pending,0
54,11,11,IT,3,2025-09-15T09:30:00,2025-09-15T15:30:00,pending,0
55,11,11,structural,4,2025-09-15T07:30:00,2025-09-15T11:30:00,pending,0
56,12,12,electrical,2,2025-09-15T09:00:00,2025-09-16T09:00:00,pending,0
57,12,12,plumbing,3,2025-09-15T09:15:00,2025-09-15T15:15:00,pending,0
58,12,12,cleaning,1,2025-09-15T10:30:00,2025-09-17T10:30:00,pending,0
59,13,13,electrical,4,2025-09-15T08:00:00,2025-09-15T12:00:00,pending,0
60,13,13,plumbing,2,2025-09-15T09:00:00,2025-09-16T09:00:00,pending,0
61,14,14,electrical,3,2025-09-15T08:45:00,2025-09-15T14:45:00,pending,0
62,14,14,plumbing,5,2025-09-15T06:30:00,2025-09-15T08:30:00,pending,0
63,14,14,cleaning,2,2025-09-15T09:00:00,2025-09-16T09:00:00,pending,0
64,14,14,IT,1,2025-09-15T11:00:00,2025-09-17T11:00:00,pending,0
65,14,14,structural,3,2025-09-15T09:00:00,2025-09-15T15:00:00,pending,0
66,15,15,IT,4,2025-09-15T08:00:00,2025-09-15T12:00:00,pending,0
67,15,15,electrical,2,2025-09-15T09:30:00,2025-09-16T09:30:00,pending,0
68,15,15,cleaning,1,2025-09-15T10:00:00,2025-09-17T10:00:00,pending,0
69,16,16,IT,3,2025-09-15T09:00:00,2025-09-15T15:00:00,pending,0
70,16,16,plumbing,2,2025-09-15T09:30:00,2025-09-16T09:30:00,pending,0
71,17,17,electrical,3,2025-09-15T08:30:00,2025-09-15T14:30:00,pending,0
72,17,17,cleaning,1,2025-09-15T10:00:00,2025-09-17T10:00:00,pending,0
73,18,18,plumbing,4,2025-09-15T07:45:00,2025-09-15T11:45:00,pending,0
74,18,18,IT,2,2025-09-15T09:30:00,2025-09-16T09:30:00,pending,0
75,19,19,IT,5,2025-09-15T06:00:00,2025-09-15T08:00:00,pending,0
76,19,19,electrical,4,2025-09-15T07:30:00,2025-09-15T11:30:00,pending,0
77,19,19,cleaning,3,2025-09-15T08:00:00,2025-09-15T14:00:00,pending,0
78,19,19,structural,2,2025-09-15T09:00:00,2025-09-16T09:00:00,pending,0
79,19,19,plumbing,1,2025-09-15T10:00:00,2025-09-17T10:00:00,pending,0
80,20,20,electrical,5,2025-09-15T06:30:00,2025-09-15T08:30:00,pending,0
81,20,20,structural,4,2025-09-15T07:00:00,2025-09-15T11:00:00,pending,0
82,20,20,cleaning,3,2025-09-15T08:00:00,2025-09-15T14:00:00,pending,0
83,20,20,IT,2,2025-09-15T09:30:00,2025-09-16T09:30:00,pending,0
84,20,20,plumbing,1,2025-09-15T10:30:00,2025-09-17T10:30:00,pending,0
85,21,21,IT,5,2025-09-15T06:00:00,2025-09-15T08:00:00,pending,0
86,21,21,electrical,4,2025-09-15T07:00:00,2025-09-15T11:00:00,pending,0
87,21,21,IT,3,2025-09-15T08:30:00,2025-09-15T14:30:00,pending,0
88,21,21,cleaning,2,2025-09-15T09:00:00,2025-09-16T09:00:00,pending,0
89,21,21,structural,1,2025-09-15T10:00:00,2025-09-17T10:00:00,pending,0
90,21,21,plumbing,3,2025-09-15T09:30:00,2025-09-15T15:30:00,pending,0
91,22,22,IT,4,2025-09-15T07:30:00,2025-09-15T11:30:00,pending,0
92,22,22,electrical,3,2025-09-15T08:30:00,2025-09-15T14:30:00,pending,0
93,22,22,cleaning,2,2025-09-15T09:00:00,2025-09-16T09:00:00,pending,0
94,22,22,structural,1,2025-09-15T11:00:00,2025-09-17T11:00:00,pending,0
95,23,23,IT,5,2025-09-15T06:30:00,2025-09-15T08:30:00,pending,0
96,23,23,electrical,4,2025-09-15T07:30:00,2025-09-15T11:30:00,pending,0
97,23,23,cleaning,2,2025-09-15T09:00:00,2025-09-16T09:00:00,pending,0
98,23,23,plumbing,3,2025-09-15T08:45:00,2025-09-15T14:45:00,pending,0
99,24,24,IT,5,2025-09-15T06:00:00,2025-09-15T08:00:00,pending,0
100,24,24,electrical,4,2025-09-15T07:00:00,2025-09-15T11:00:00,pending,0
101,24,24,IT,3,2025-09-15T08:30:00,2025-09-15T14:30:00,pending,0
102,24,24,cleaning,2,2025-09-15T09:00:00,2025-09-16T09:00:00,pending,0
103,24,24,structural,1,2025-09-15T10:00:00,2025-09-17T10:00:00,pending,0
104,25,25,IT,5,2025-09-15T06:00:00,2025-09-15T08:00:00,pending,0
105,25,25,electrical,3,2025-09-15T08:30:00,2025-09-15T14:30:00,pending,0
106,25,25,IT,4,2025-09-15T07:30:00,2025-09-15T11:30:00,pending,0
107,25,25,cleaning,1,2025-09-15T10:00:00,2025-09-17T10:00:00,pending,0
108,25,25,plumbing,2,2025-09-15T09:30:00,2025-09-16T09:30:00,pending,0
109,26,26,IT,3,2025-09-15T08:30:00,2025-09-15T14:30:00,pending,0
110,26,26,electrical,2,2025-09-15T09:00:00,2025-09-16T09:00:00,pending,0
111,26,26,cleaning,1,2025-09-15T10:00:00,2025-09-17T10:00:00,pending,0
112,27,27,electrical,4,2025-09-15T07:30:00,2025-09-15T11:30:00,pending,0
113,27,27,IT,3,2025-09-15T08:30:00,2025-09-15T14:30:00,pending,0
114,27,27,plumbing,5,2025-09-15T06:30:00,2025-09-15T08:30:00,pending,0
115,27,27,cleaning,2,2025-09-15T09:00:00,2025-09-16T09:00:00,pending,0
116,27,27,structural,3,2025-09-15T08:00:00,2025-09-15T14:00:00,pending,0
117,28,28,electrical,3,2025-09-15T08:30:00,2025-09-15T14:30:00,pending,0
118,28,28,IT,2,2025-09-15T09:30:00,2025-09-16T09:30:00,pending,0
119,28,28,plumbing,4,2025-09-15T07:00:00,2025-09-15T11:00:00,pending,0
120,28,28,cleaning,1,2025-09-15T10:30:00,2025-09-17T10:30:00,pending,0
121,28,28,structural,5,2025-09-15T06:00:00,2025-09-15T08:00:00,pending,0
122,29,29,electrical,2,2025-09-15T09:00:00,2025-09-16T09:00:00,pending,0
123,29,29,IT,3,2025-09-15T08:30:00,2025-09-15T14:30:00,pending,0
124,29,29,plumbing,1,2025-09-15T10:00:00,2025-09-17T10:00:00,pending,0
125,30,30,IT,3,2025-09-15T08:30:00,2025-09-15T14:30:00,pending,0
126,30,30,electrical,2,2025-09-15T09:00:00,2025-09-16T09:00:00,pending,0
127,30,30,cleaning,1,2025-09-15T10:00:00,2025-09-17T10:00:00,pending,0
128,31,31,electrical,4,2025-09-15T07:30:00,2025-09-15T11:30:00,pending,0
129,31,31,IT,3,2025-09-15T08:30:00,2025-09-15T14:30:00,pending,0
130,31,31,plumbing,2,2025-09-15T09:30:00,2025-09-16T09:30:00,pending,0
131,31,31,structural,5,2025-09-15T06:00:00,2025-09-15T08:00:00,pending,0
132,31,31,cleaning,1,2025-09-15T10:00:00,2025-09-17T10:00:00,pending,0
133,32,32,IT,4,2025-09-15T07:30:00,2025-09-15T11:30:00,pending,0
134,32,32,electrical,3,2025-09-15T08:30:00,2025-09-15T14:30:00,pending,0
135,32,32,plumbing,2,2025-09-15T09:30:00,2025-09-16T09:30:00,pending,0
136,33,33,electrical,5,2025-09-15T06:00:00,2025-09-15T08:00:00,pending,0
137,33,33,IT,4,2025-09-15T07:30:00,2025-09-15T11:30:00,pending,0
138,33,33,plumbing,3,2025-09-15T08:30:00,2025-09-15T14:30:00,pending,0
139,33,33,structural,5,2025-09-15T06:30:00,2025-09-15T08:30:00,pending,0
140,33,33,cleaning,2,2025-09-15T09:00:00,2025-09-16T09:00:00,pending,0
141,34,34,IT,3,2025-09-15T08:30:00,2025-09-15T14:30:00,pending,0
142,34,34,electrical,2,2025-09-15T09:00:00,2025-09-16T09:00:00,pending,0
143,34,34,cleaning,1,2025-09-15T10:00:00,2025-09-17T10:00:00,pending,0
144,34,34,structural,4,2025-09-15T07:30:00,2025-09-15T11:30:00,pending,0
145,35,35,IT,4,2025-09-15T07:30:00,2025-09-15T11:30:00,pending,0
146,35,35,electrical,3,2025-09-15T08:30:00,2025-09-15T14:30:00,pending,0
147,35,35,cleaning,2,2025-09-15T09:00:00,2025-09-16T09:00:00,pending,0
148,35,35,plumbing,1,2025-09-15T10:00:00,2025-09-17T10:00:00,pending,0
149,35,35,structural,3,2025-09-15T08:00:00,2025-09-15T14:00:00,pending,0
150,36,36,electrical,3,2025-09-15T08:30:00,2025-09-15T14:30:00,pending,0
151,36,36,IT,2,2025-09-15T09:30:00,2025-09-16T09:30:00,pending,0
152,36,36,cleaning,1,2025-09-15T10:00:00,2025-09-17T10:00:00,pending,0
153,37,37,electrical,2,2025-09-15T09:00:00,2025-09-16T09:00:00,pending,0
154,37,37,IT,3,2025-09-15T08:30:00,2025-09-15T14:30:00,pending,0
155,37,37,cleaning,1,2025-09-15T10:00:00,2025-09-17T10:00:00,pending,0
156,38,38,IT,3,2025-09-15T08:30:00,2025-09-15T14:30:00,pending,0
157,38,38,electrical,2,2025-09-15T09:00:00,2025-09-16T09:00:00,pending,0
158,38,38,cleaning,1,2025-09-15T10:00:00,2025-09-17T10:00:00,pending,0
159,39,39,IT,4,2025-09-15T07:30:00,2025-09-15T11:30:00,pending,0
160,39,39,electrical,3,2025-09-15T08:30:00,2025-09-15T14:30:00,pending,0
161,39,39,cleaning,2,2025-09-15T09:00:00,2025-09-16T09:00:00,pending,0
162,39,39,plumbing,1,2025-09-15T10:00:00,2025-09-17T10:00:00,pending,0
163,40,40,electrical,5,2025-09-15T06:00:00,2025-09-15T08:00:00,pending,0
164,40,40,IT,4,2025-09-15T07:30:00,2025-09-15T11:30:00,pending,0
165,40,40,plumbing,3,2025-09-15T08:30:00,2025-09-15T14:30:00,pending,0
166,40,40,cleaning,2,2025-09-15T09:00:00,2025-09-16T09:00:00,pending,0
167,40,40,structural,5,2025-09-15T06:30:00,2025-09-15T08:30:00,pending,0
168,41,41,IT,3,2025-09-15T08:30:00,2025-09-15T14:30:00,pending,0
169,41,41,electrical,2,2025-09-15T09:00:00,2025-09-16T09:00:00,pending,0
170,41,41,cleaning,1,2025-09-15T10:00:00,2025-09-17T10:00:00,pending,0
171,42,42,electrical,5,2025-09-15T06:00:00,2025-09-15T08:00:00,pending,0
172,42,42,plumbing,4,2025-09-15T07:00:00,2025-09-15T11:00:00,pending,0
173,42,42,IT,3,2025-09-15T08:30:00,2025-09-15T14:30:00,pending,0
174,42,42,cleaning,2,2025-09-15T09:00:00,2025-09-16T09:00:00,pending,0
175,42,42,structural,5,2025-09-15T06:30:00,2025-09-15T08:30:00,pending,0
176,43,43,structural,3,2025-09-15T08:00:00,2025-09-15T14:00:00,pending,0
177,43,43,electrical,2,2025-09-15T09:00:00,2025-09-16T09:00:00,pending,0
178,43,43,cleaning,4,2025-09-15T07:30:00,2025-09-15T11:30:00,pending,0
179,43,43,plumbing,1,2025-09-15T10:00:00,2025-09-17T10:00:00,pending,0
180,44,44,structural,2,2025-09-15T09:00:00,2025-09-16T09:00:00,pending,0
181,44,44,cleaning,3,2025-09-15T08:30:00,2025-09-15T14:30:00,pending,0
182,44,44,electrical,1,2025-09-15T10:00:00,2025-09-17T10:00:00,pending,0
183,45,45,electrical,4,2025-09-15T07:30:00,2025-09-15T11:30:00,pending,0
184,45,45,cleaning,3,2025-09-15T08:00:00,2025-09-15T14:00:00,pending,0
185,45,45,structural,2,2025-09-15T09:00:00,2025-09-16T09:00:00,pending,0
186,45,45,plumbing,5,2025-09-15T06:00:00,2025-09-15T08:00:00,pending,0
187,45,45,IT,1,2025-09-15T10:00:00,2025-09-17T10:00:00,pending,0
188,46,46,cleaning,3,2025-09-15T08:00:00,2025-09-15T14:00:00,pending,0
189,46,46,electrical,2,2025-09-15T09:00:00,2025-09-16T09:00:00,pending,0
190,46,46,plumbing,4,2025-09-15T07:30:00,2025-09-15T11:30:00,pending,0
191,46,46,structural,1,2025-09-15T10:00:00,2025-09-17T10:00:00,pending,0
192,47,47,structural,5,2025-09-15T06:00:00,2025-09-15T08:00:00,pending,0
193,47,47,electrical,3,2025-09-15T08:30:00,2025-09-15T14:30:00,pending,0
194,47,47,cleaning,2,2025-09-15T09:00:00,2025-09-16T09:00:00,pending,0
195,47,47,IT,1,2025-09-15T10:00:00,2025-09-17T10:00:00,pending,0
196,48,48,structural,4,2025-09-15T07:30:00,2025-09-15T11:30:00,pending,0
197,48,48,electrical,3,2025-09-15T08:30:00,2025-09-15T14:30:00,pending,0
198,48,48,cleaning,2,2025-09-15T09:00:00,2025-09-16T09:00:00,pending,0
199,49,49,structural,3,2025-09-15T08:00:00,2025-09-15T14:00:00,pending,0
200,49,49,electrical,2,2025-09-15T09:00:00,2025-09-16T09:00:00,pending,0
201,49,49,cleaning,1,2025-09-15T10:00:00,2025-09-17T10:00:00,pending,0
202,50,50,electrical,3,2025-09-15T08:30:00,2025-09-15T14:30:00,pending,0
203,50,50,structural,2,2025-09-15T09:00:00,2025-09-16T09:00:00,pending,0
204,50,50,cleaning,1,2025-09-15T10:00:00,2025-09-17T10:00:00,pending,0
205,51,51,IT,4,2025-09-15T07:30:00,2025-09-15T11:30:00,pending,0
206,51,51,electrical,3,2025-09-15T08:30:00,2025-09-15T14:30:00,pending,0
207,51,51,cleaning,1,2025-09-15T10:00:00,2025-09-17T10:00:00,pending,0
208,52,52,plumbing,3,2025-09-15T08:30:00,2025-09-15T14:30:00,pending,0
209,52,52,electrical,2,2025-09-15T09:00:00,2025-09-16T09:00:00,pending,0
210,52,52,cleaning,4,2025-09-15T07:30:00,2025-09-15T11:30:00,pending,0
211,52,52,IT,1,2025-09-15T10:00:00,2025-09-17T10:00:00,pending,0
212,53,53,plumbing,2,2025-09-15T09:00:00,2025-09-16T09:00:00,pending,0
213,53,53,electrical,3,2025-09-15T08:30:00,2025-09-15T14:30:00,pending,0
214,53,53,cleaning,1,2025-09-15T10:00:00,2025-09-17T10:00:00,pending,0
215,54,54,electrical,5,2025-09-15T06:00:00,2025-09-15T08:00:00,pending,0
216,54,54,structural,4,2025-09-15T07:00:00,2025-09-15T11:00:00,pending,0
217,54,54,IT,3,2025-09-15T08:30:00,2025-09-15T14:30:00,pending,0
218,54,54,plumbing,2,2025-09-15T09:00:00,2025-09-16T09:00:00,pending,0
219,55,55,electrical,4,2025-09-15T07:30:00,2025-09-15T11:30:00,pending,0
220,55,55,plumbing,3,2025-09-15T08:30:00,2025-09-15T14:30:00,pending,0
221,55,55,IT,5,2025-09-15T06:00:00,2025-09-15T08:00:00,pending,0
222,55,55,structural,4,2025-09-15T07:00:00,2025-09-15T11:00:00,pending,0
223,55,55,cleaning,2,2025-09-15T09:00:00,2025-09-16T09:00:00,pending,0
224,56,56,cleaning,3,2025-09-15T08:00:00,2025-09-15T14:00:00,pending,0
225,56,56,structural,2,2025-09-15T09:00:00,2025-09-16T09:00:00,pending,0
226,56,56,electrical,1,2025-09-15T10:00:00,2025-09-17T10:00:00,pending,0
227,57,57,IT,3,2025-09-15T08:30:00,2025-09-15T14:30:00,pending,0
228,57,57,electrical,2,2025-09-15T09:00:00,2025-09-16T09:00:00,pending,0
229,57,57,cleaning,1,2025-09-15T10:00:00,2025-09-17T10:00:00,pending,0
230,58,58,electrical,4,2025-09-15T07:30:00,2025-09-15T11:30:00,pending,0
231,58,58,IT,3,2025-09-15T08:30:00,2025-09-15T14:30:00,pending,0
232,58,58,plumbing,5,2025-09-15T06:30:00,2025-09-15T08:30:00,pending,0
233,58,58,cleaning,2,2025-09-15T09:00:00,2025-09-16T09:00:00,pending,0
234,58,58,structural,3,2025-09-15T08:00:00,2025-09-15T14:00:00,pending,0
235,59,59,electrical,2,2025-09-15T09:00:00,2025-09-16T09:00:00,pending,0
236,59,59,plumbing,3,2025-09-15T08:30:00,2025-09-15T14:30:00,pending,0
237,59,59,cleaning,1,2025-09-15T10:00:00,2025-09-17T10:00:00,pending,0
238,60,60,electrical,5,2025-09-15T06:00:00,2025-09-15T08:00:00,pending,0
239,60,60,structural,4,2025-09-15T07:00:00,2025-09-15T11:00:00,pending,0
240,60,60,plumbing,3,2025-09-15T08:30:00,2025-09-15T14:30:00,pending,0
241,1,1,electrical,3,2025-09-16T08:00:00,2025-09-16T14:00:00,pending,0
242,1,1,plumbing,5,2025-09-16T06:30:00,2025-09-16T08:30:00,pending,0
243,2,2,IT,4,2025-09-16T07:30:00,2025-09-16T11:30:00,pending,0
244,2,2,cleaning,2,2025-09-16T09:00:00,2025-09-17T09:00:00,pending,0
245,3,3,electrical,4,2025-09-16T07:00:00,2025-09-16T11:00:00,pending,0
246,3,3,plumbing,2,2025-09-16T09:00:00,2025-09-17T09:00:00,pending,0
247,4,4,IT,5,2025-09-16T06:00:00,2025-09-16T08:00:00,pending,0
248,4,4,cleaning,3,2025-09-16T08:00:00,2025-09-16T14:00:00,pending,0
249,5,5,electrical,4,2025-09-16T07:30:00,2025-09-16T11:30:00,pending,0
250,5,5,plumbing,2,2025-09-16T09:30:00,2025-09-17T09:30:00,pending,0
251,6,6,IT,3,2025-09-16T08:30:00,2025-09-16T14:30:00,pending,0
252,7,7,electrical,5,2025-09-16T06:00:00,2025-09-16T08:00:00,pending,0
253,8,8,plumbing,3,2025-09-16T08:30:00,2025-09-16T14:30:00,pending,0
254,9,9,IT,4,2025-09-16T07:30:00,2025-09-16T11:30:00,pending,0
255,10,10,cleaning,2,2025-09-16T09:00:00,2025-09-17T09:00:00,pending,0
256,11,11,electrical,3,2025-09-16T08:00:00,2025-09-16T14:00:00,pending,0
257,12,12,plumbing,4,2025-09-16T07:00:00,2025-09-16T11:00:00,pending,0
258,13,13,IT,2,2025-09-16T09:30:00,2025-09-17T09:30:00,pending,0
259,14,14,electrical,5,2025-09-16T06:00:00,2025-09-16T08:00:00,pending,0
260,15,15,plumbing,3,2025-09-16T08:30:00,2025-09-16T14:30:00,pending,0
261,19,19,IT,4,2025-09-16T07:30:00,2025-09-16T11:30:00,pending,0
262,20,20,electrical,3,2025-09-16T08:00:00,2025-09-16T14:00:00,pending,0
263,21,21,IT,5,2025-09-16T06:00:00,2025-09-16T08:00:00,pending,0
264,21,21,plumbing,4,2025-09-16T07:00:00,2025-09-16T11:00:00,pending,0
265,22,22,electrical,2,2025-09-16T09:00:00,2025-09-17T09:00:00,pending,0
266,23,23,IT,3,2025-09-16T08:30:00,2025-09-16T14:30:00,pending,0
267,24,24,electrical,5,2025-09-16T06:00:00,2025-09-16T08:00:00,pending,0
268,24,24,plumbing,3,2025-09-16T08:30:00,2025-09-16T14:30:00,pending,0
269,25,25,IT,4,2025-09-16T07:30:00,2025-09-16T11:30:00,pending,0
270,27,27,electrical,5,2025-09-16T06:00:00,2025-09-16T08:00:00,pending,0
271,28,28,plumbing,3,2025-09-16T08:30:00,2025-09-16T14:30:00,pending,0
272,31,31,IT,4,2025-09-16T07:30:00,2025-09-16T11:30:00,pending,0
273,33,33,electrical,5,2025-09-16T06:00:00,2025-09-16T08:00:00,pending,0
274,33,33,plumbing,4,2025-09-16T07:00:00,2025-09-16T11:00:00,pending,0
275,35,35,IT,3,2025-09-16T08:30:00,2025-09-16T14:30:00,pending,0
276,40,40,electrical,4,2025-09-16T07:30:00,2025-09-16T11:30:00,pending,0
277,40,40,structural,5,2025-09-16T06:00:00,2025-09-16T08:00:00,pending,0
278,42,42,plumbing,3,2025-09-16T08:30:00,2025-09-16T14:30:00,pending,0
279,42,42,electrical,4,2025-09-16T07:00:00,2025-09-16T11:00:00,pending,0
280,43,43,cleaning,3,2025-09-16T08:00:00,2025-09-16T14:00:00,pending,0
281,45,45,electrical,5,2025-09-16T06:00:00,2025-09-16T08:00:00,pending,0
282,47,47,structural,4,2025-09-16T07:00:00,2025-09-16T11:00:00,pending,0
283,49,49,electrical,2,2025-09-16T09:00:00,2025-09-17T09:00:00,pending,0
284,50,50,plumbing,3,2025-09-16T08:30:00,2025-09-16T14:30:00,pending,0
285,52,52,cleaning,4,2025-09-16T07:30:00,2025-09-16T11:30:00,pending,0
286,54,54,electrical,5,2025-09-16T06:00:00,2025-09-16T08:00:00,pending,0
287,55,55,plumbing,4,2025-09-16T07:00:00,2025-09-16T11:00:00,pending,0
288,55,55,structural,3,2025-09-16T08:00:00,2025-09-16T14:00:00,pending,0
289,19,19,cleaning,2,2025-09-16T09:30:00,2025-09-17T09:30:00,pending,0
290,21,21,electrical,3,2025-09-16T08:00:00,2025-09-16T14:00:00,pending,0
291,1,1,IT,4,2025-09-17T07:30:00,2025-09-17T11:30:00,pending,0
292,2,2,electrical,3,2025-09-17T08:00:00,2025-09-17T14:00:00,pending,0
293,3,3,plumbing,5,2025-09-17T06:00:00,2025-09-17T08:00:00,pending,0
294,5,5,IT,3,2025-09-17T08:30:00,2025-09-17T14:30:00,pending,0
295,7,7,electrical,4,2025-09-17T07:00:00,2025-09-17T11:00:00,pending,0
296,9,9,plumbing,2,2025-09-17T09:00:00,2025-09-18T09:00:00,pending,0
297,11,11,IT,5,2025-09-17T06:00:00,2025-09-17T08:00:00,pending,0
298,14,14,electrical,3,2025-09-17T08:30:00,2025-09-17T14:30:00,pending,0
299,19,19,IT,4,2025-09-17T07:30:00,2025-09-17T11:30:00,pending,0
300,21,21,cleaning,2,2025-09-17T09:00:00,2025-09-18T09:00:00,pending,0
301,24,24,IT,5,2025-09-17T06:00:00,2025-09-17T08:00:00,pending,0
302,27,27,electrical,4,2025-09-17T07:00:00,2025-09-17T11:00:00,pending,0
303,33,33,plumbing,3,2025-09-17T08:30:00,2025-09-17T14:30:00,pending,0
304,35,35,IT,2,2025-09-17T09:00:00,2025-09-18T09:00:00,pending,0
305,40,40,electrical,5,2025-09-17T06:00:00,2025-09-17T08:00:00,pending,0
306,42,42,structural,4,2025-09-17T07:00:00,2025-09-17T11:00:00,pending,0
307,45,45,plumbing,3,2025-09-17T08:30:00,2025-09-17T14:30:00,pending,0
308,47,47,electrical,2,2025-09-17T09:00:00,2025-09-18T09:00:00,pending,0
309,55,55,IT,4,2025-09-17T07:30:00,2025-09-17T11:30:00,pending,0
310,60,60,electrical,3,2025-09-17T08:00:00,2025-09-17T14:00:00,pending,0
